walletAddress,Proposal-0,Proposal-1,Proposal-2,Proposal-3,Proposal-4,Proposal-5,Proposal-6,Proposal-7
ignore,1
0x2824c88fff36d53cbd0f932b3ba4782ff435de8c,5,3,1,3,5,5,3.6666666666666665,1
0x9e5211cf1ad3d3bf1a5159ef29e8810b413383b0,5,3,1,1,5,5,3.3333333333333335,5
0xf4481ca047e47b47a7677a27ed9c1157c10d27fb,5,3,5,1,3,1,3.0,1
0x4d019888cdcb0f8526e38066b6914976eb41a077,5,3,1,1,2,5,2.8333333333333335,5
0xdcc5079279c851aaa47c9ee6f4ed030536350747,5,3,1,3,2,2.8,2.8000000000000003,5
0x2d1c0c0d7a57dfecb964b4d4c81bf5885e47588c,5,3,1,3,2,2.8,5,3.1142857142857143
